request_id,created_at,status_code,time_to_first_token,time_to_completion,model,api_key_id,project_id,input_tokens,input_non_cached_tokens,input_cached_tokens,input_audio_seconds,output_tokens,error
req_01kfs054pqfgbv12gzjnbfr9nz,1769291813591,429,0,0.003851,llama-3.3-70b-versatile,key_01keyxqjp3e1ebf0jkbprdkp0b,project_01jtka6awkeasstje8wfvynb71,0,0,0,0,0,"{\"code\":\"rate_limit_exceeded\",\"message\":\"Rate limit reached for model `llama-3.3-70b-versatile` in organization `org_01jdq75109enktb629nmv0krb3` service tier `on_demand` on tokens per day (TPD): Limit 100000, Used 99278, Requested 1575. Please try again in 12m16.992s. Need more tokens? Upgrade to Dev Tier today at https://console.groq.com/settings/billing\",\"param\":\"\",\"type\":\"tokens\"}"
req_01kfrzp59her3bm8c8tz463x63,1769291322673,200,0.472076,0.528277,llama-3.3-70b-versatile,key_01keyxqjp3e1ebf0jkbprdkp0b,project_01jtka6awkeasstje8wfvynb71,1546,1546,0,0,36
req_01kfrzac0re29rstx9g3bhfdnq,1769290936344,429,0,0.00191,llama-3.3-70b-versatile,key_01keyxqjp3e1ebf0jkbprdkp0b,project_01jtka6awkeasstje8wfvynb71,0,0,0,0,0,"{\"code\":\"rate_limit_exceeded\",\"message\":\"Rate limit reached for model `llama-3.3-70b-versatile` in organization `org_01jdq75109enktb629nmv0krb3` service tier `on_demand` on tokens per day (TPD): Limit 100000, Used 98710, Requested 1578. Please try again in 4m8.832s. Need more tokens? Upgrade to Dev Tier today at https://console.groq.com/settings/billing\",\"param\":\"\",\"type\":\"tokens\"}"
req_01kfrza9yfe28ba9pssm8xe8t2,1769290934223,429,0,0.001519,llama-3.3-70b-versatile,key_01keyxqjp3e1ebf0jkbprdkp0b,project_01jtka6awkeasstje8wfvynb71,0,0,0,0,0,"{\"code\":\"rate_limit_exceeded\",\"message\":\"Rate limit reached for model `llama-3.3-70b-versatile` in organization `org_01jdq75109enktb629nmv0krb3` service tier `on_demand` on tokens per day (TPD): Limit 100000, Used 98713, Requested 1578. Please try again in 4m11.423999999s. Need more tokens? Upgrade to Dev Tier today at https://console.groq.com/settings/billing\",\"param\":\"\",\"type\":\"tokens\"}"
req_01kfrza7vre27r0xw8epyhytpf,1769290932088,429,0,0.001511,llama-3.3-70b-versatile,key_01keyxqjp3e1ebf0jkbprdkp0b,project_01jtka6awkeasstje8wfvynb71,0,0,0,0,0,"{\"code\":\"rate_limit_exceeded\",\"message\":\"Rate limit reached for model `llama-3.3-70b-versatile` in organization `org_01jdq75109enktb629nmv0krb3` service tier `on_demand` on tokens per day (TPD): Limit 100000, Used 98715, Requested 1578. Please try again in 4m13.152s. Need more tokens? Upgrade to Dev Tier today at https://console.groq.com/settings/billing\",\"param\":\"\",\"type\":\"tokens\"}"
req_01kfrz9mk4ejptvszgp3ve6vcv,1769290912356,429,0,0.004531,llama-3.3-70b-versatile,key_01keyxqjp3e1ebf0jkbprdkp0b,project_01jtka6awkeasstje8wfvynb71,0,0,0,0,0,"{\"code\":\"rate_limit_exceeded\",\"message\":\"Rate limit reached for model `llama-3.3-70b-versatile` in organization `org_01jdq75109enktb629nmv0krb3` service tier `on_demand` on tokens per day (TPD): Limit 100000, Used 98738, Requested 1580. Please try again in 4m34.752s. Need more tokens? Upgrade to Dev Tier today at https://console.groq.com/settings/billing\",\"param\":\"\",\"type\":\"tokens\"}"
req_01kfrz9jgte26811cn4ssqdtpt,1769290910234,429,0,0.002,llama-3.3-70b-versatile,key_01keyxqjp3e1ebf0jkbprdkp0b,project_01jtka6awkeasstje8wfvynb71,0,0,0,0,0,"{\"code\":\"rate_limit_exceeded\",\"message\":\"Rate limit reached for model `llama-3.3-70b-versatile` in organization `org_01jdq75109enktb629nmv0krb3` service tier `on_demand` on tokens per day (TPD): Limit 100000, Used 98741, Requested 1580. Please try again in 4m37.344s. Need more tokens? Upgrade to Dev Tier today at https://console.groq.com/settings/billing\",\"param\":\"\",\"type\":\"tokens\"}"
req_01kfrz9gdke25tfcg7de22qzbz,1769290908083,429,0,0.003691,llama-3.3-70b-versatile,key_01keyxqjp3e1ebf0jkbprdkp0b,project_01jtka6awkeasstje8wfvynb71,0,0,0,0,0,"{\"code\":\"rate_limit_exceeded\",\"message\":\"Rate limit reached for model `llama-3.3-70b-versatile` in organization `org_01jdq75109enktb629nmv0krb3` service tier `on_demand` on tokens per day (TPD): Limit 100000, Used 98743, Requested 1580. Please try again in 4m39.072s. Need more tokens? Upgrade to Dev Tier today at https://console.groq.com/settings/billing\",\"param\":\"\",\"type\":\"tokens\"}"
req_01kfrz3ka9exws9dssf24tvmd2,1769290714441,429,0,0.001877,llama-3.3-70b-versatile,key_01keyxqjp3e1ebf0jkbprdkp0b,project_01jtka6awkeasstje8wfvynb71,0,0,0,0,0,"{\"code\":\"rate_limit_exceeded\",\"message\":\"Rate limit reached for model `llama-3.3-70b-versatile` in organization `org_01jdq75109enktb629nmv0krb3` service tier `on_demand` on tokens per day (TPD): Limit 100000, Used 98967, Requested 1580. Please try again in 7m52.608s. Need more tokens? Upgrade to Dev Tier today at https://console.groq.com/settings/billing\",\"param\":\"\",\"type\":\"tokens\"}"
req_01kfrz3h6qexwse07w0313wsf4,1769290712279,429,0,0.001925,llama-3.3-70b-versatile,key_01keyxqjp3e1ebf0jkbprdkp0b,project_01jtka6awkeasstje8wfvynb71,0,0,0,0,0,"{\"code\":\"rate_limit_exceeded\",\"message\":\"Rate limit reached for model `llama-3.3-70b-versatile` in organization `org_01jdq75109enktb629nmv0krb3` service tier `on_demand` on tokens per day (TPD): Limit 100000, Used 98970, Requested 1580. Please try again in 7m55.2s. Need more tokens? Upgrade to Dev Tier today at https://console.groq.com/settings/billing\",\"param\":\"\",\"type\":\"tokens\"}"
req_01kfrz3f1xexwvn2xc1153za6v,1769290710077,429,0,0.002159,llama-3.3-70b-versatile,key_01keyxqjp3e1ebf0jkbprdkp0b,project_01jtka6awkeasstje8wfvynb71,0,0,0,0,0,"{\"code\":\"rate_limit_exceeded\",\"message\":\"Rate limit reached for model `llama-3.3-70b-versatile` in organization `org_01jdq75109enktb629nmv0krb3` service tier `on_demand` on tokens per day (TPD): Limit 100000, Used 98972, Requested 1580. Please try again in 7m56.928s. Need more tokens? Upgrade to Dev Tier today at https://console.groq.com/settings/billing\",\"param\":\"\",\"type\":\"tokens\"}"
req_01kfrz29b8exktxe8q2rnnc2da,1769290671464,429,0,0.003842,llama-3.3-70b-versatile,key_01keyxqjp3e1ebf0jkbprdkp0b,project_01jtka6awkeasstje8wfvynb71,0,0,0,0,0,"{\"code\":\"rate_limit_exceeded\",\"message\":\"Rate limit reached for model `llama-3.3-70b-versatile` in organization `org_01jdq75109enktb629nmv0krb3` service tier `on_demand` on tokens per day (TPD): Limit 100000, Used 99017, Requested 1580. Please try again in 8m35.808s. Need more tokens? Upgrade to Dev Tier today at https://console.groq.com/settings/billing\",\"param\":\"\",\"type\":\"tokens\"}"
req_01kfrz2778e0xsggy4fbynsyyq,1769290669288,429,0,0.001446,llama-3.3-70b-versatile,key_01keyxqjp3e1ebf0jkbprdkp0b,project_01jtka6awkeasstje8wfvynb71,0,0,0,0,0,"{\"code\":\"rate_limit_exceeded\",\"message\":\"Rate limit reached for model `llama-3.3-70b-versatile` in organization `org_01jdq75109enktb629nmv0krb3` service tier `on_demand` on tokens per day (TPD): Limit 100000, Used 99020, Requested 1580. Please try again in 8m38.4s. Need more tokens? Upgrade to Dev Tier today at https://console.groq.com/settings/billing\",\"param\":\"\",\"type\":\"tokens\"}"
req_01kfrz253ee0xszx93psw0rfhz,1769290667118,429,0,0.001475,llama-3.3-70b-versatile,key_01keyxqjp3e1ebf0jkbprdkp0b,project_01jtka6awkeasstje8wfvynb71,0,0,0,0,0,"{\"code\":\"rate_limit_exceeded\",\"message\":\"Rate limit reached for model `llama-3.3-70b-versatile` in organization `org_01jdq75109enktb629nmv0krb3` service tier `on_demand` on tokens per day (TPD): Limit 100000, Used 99022, Requested 1580. Please try again in 8m40.128s. Need more tokens? Upgrade to Dev Tier today at https://console.groq.com/settings/billing\",\"param\":\"\",\"type\":\"tokens\"}"
req_01kfryk6hnee28c5v4fqnvnhx5,1769290177077,429,0,0.001481,llama-3.3-70b-versatile,key_01keyxqjp3e1ebf0jkbprdkp0b,project_01jtka6awkeasstje8wfvynb71,0,0,0,0,0,"{\"code\":\"rate_limit_exceeded\",\"message\":\"Rate limit reached for model `llama-3.3-70b-versatile` in organization `org_01jdq75109enktb629nmv0krb3` service tier `on_demand` on tokens per day (TPD): Limit 100000, Used 99589, Requested 1227. Please try again in 11m45.024s. Need more tokens? Upgrade to Dev Tier today at https://console.groq.com/settings/billing\",\"param\":\"\",\"type\":\"tokens\"}"
req_01kfryk4fefykb5vxzhhxgzwc4,1769290174958,429,0,0.001558,llama-3.3-70b-versatile,key_01keyxqjp3e1ebf0jkbprdkp0b,project_01jtka6awkeasstje8wfvynb71,0,0,0,0,0,"{\"code\":\"rate_limit_exceeded\",\"message\":\"Rate limit reached for model `llama-3.3-70b-versatile` in organization `org_01jdq75109enktb629nmv0krb3` service tier `on_demand` on tokens per day (TPD): Limit 100000, Used 99592, Requested 1227. Please try again in 11m47.616s. Need more tokens? Upgrade to Dev Tier today at https://console.groq.com/settings/billing\",\"param\":\"\",\"type\":\"tokens\"}"
req_01kfryk2egfyk8y5mahy1je9a0,1769290172880,429,0,0.001446,llama-3.3-70b-versatile,key_01keyxqjp3e1ebf0jkbprdkp0b,project_01jtka6awkeasstje8wfvynb71,0,0,0,0,0,"{\"code\":\"rate_limit_exceeded\",\"message\":\"Rate limit reached for model `llama-3.3-70b-versatile` in organization `org_01jdq75109enktb629nmv0krb3` service tier `on_demand` on tokens per day (TPD): Limit 100000, Used 99594, Requested 1227. Please try again in 11m49.344s. Need more tokens? Upgrade to Dev Tier today at https://console.groq.com/settings/billing\",\"param\":\"\",\"type\":\"tokens\"}"
req_01kfryjx21fyj9sc7gn0d0fyfm,1769290167361,429,0,0.001438,llama-3.3-70b-versatile,key_01keyxqjp3e1ebf0jkbprdkp0b,project_01jtka6awkeasstje8wfvynb71,0,0,0,0,0,"{\"code\":\"rate_limit_exceeded\",\"message\":\"Rate limit reached for model `llama-3.3-70b-versatile` in organization `org_01jdq75109enktb629nmv0krb3` service tier `on_demand` on tokens per day (TPD): Limit 100000, Used 99600, Requested 1227. Please try again in 11m54.528s. Need more tokens? Upgrade to Dev Tier today at https://console.groq.com/settings/billing\",\"param\":\"\",\"type\":\"tokens\"}"
req_01kfryjv1metv86hjhr75c3m6p,1769290165300,429,0,0.001315,llama-3.3-70b-versatile,key_01keyxqjp3e1ebf0jkbprdkp0b,project_01jtka6awkeasstje8wfvynb71,0,0,0,0,0,"{\"code\":\"rate_limit_exceeded\",\"message\":\"Rate limit reached for model `llama-3.3-70b-versatile` in organization `org_01jdq75109enktb629nmv0krb3` service tier `on_demand` on tokens per day (TPD): Limit 100000, Used 99603, Requested 1227. Please try again in 11m57.12s. Need more tokens? Upgrade to Dev Tier today at https://console.groq.com/settings/billing\",\"param\":\"\",\"type\":\"tokens\"}"
req_01kfryjs0nfyhaqtnex2gtv617,1769290163221,429,0,0.001477,llama-3.3-70b-versatile,key_01keyxqjp3e1ebf0jkbprdkp0b,project_01jtka6awkeasstje8wfvynb71,0,0,0,0,0,"{\"code\":\"rate_limit_exceeded\",\"message\":\"Rate limit reached for model `llama-3.3-70b-versatile` in organization `org_01jdq75109enktb629nmv0krb3` service tier `on_demand` on tokens per day (TPD): Limit 100000, Used 99605, Requested 1227. Please try again in 11m58.848s. Need more tokens? Upgrade to Dev Tier today at https://console.groq.com/settings/billing\",\"param\":\"\",\"type\":\"tokens\"}"
req_01kfry9y4ffw2vxq3an80afnqn,1769289873551,429,0,0.002572,llama-3.3-70b-versatile,key_01keyxqjp3e1ebf0jkbprdkp0b,project_01jtka6awkeasstje8wfvynb71,0,0,0,0,0,"{\"code\":\"rate_limit_exceeded\",\"message\":\"Rate limit reached for model `llama-3.3-70b-versatile` in organization `org_01jdq75109enktb629nmv0krb3` service tier `on_demand` on tokens per day (TPD): Limit 100000, Used 99941, Requested 2584. Please try again in 36m21.6s. Need more tokens? Upgrade to Dev Tier today at https://console.groq.com/settings/billing\",\"param\":\"\",\"type\":\"tokens\"}"
req_01kfry9w3teaytywtv4bd8trk6,1769289871482,429,0,0.002487,llama-3.3-70b-versatile,key_01keyxqjp3e1ebf0jkbprdkp0b,project_01jtka6awkeasstje8wfvynb71,0,0,0,0,0,"{\"code\":\"rate_limit_exceeded\",\"message\":\"Rate limit reached for model `llama-3.3-70b-versatile` in organization `org_01jdq75109enktb629nmv0krb3` service tier `on_demand` on tokens per day (TPD): Limit 100000, Used 99943, Requested 2584. Please try again in 36m23.328s. Need more tokens? Upgrade to Dev Tier today at https://console.groq.com/settings/billing\",\"param\":\"\",\"type\":\"tokens\"}"
req_01kfry9t2reavs4avp39qa3hq6,1769289869400,429,0,0.002336,llama-3.3-70b-versatile,key_01keyxqjp3e1ebf0jkbprdkp0b,project_01jtka6awkeasstje8wfvynb71,0,0,0,0,0,"{\"code\":\"rate_limit_exceeded\",\"message\":\"Rate limit reached for model `llama-3.3-70b-versatile` in organization `org_01jdq75109enktb629nmv0krb3` service tier `on_demand` on tokens per day (TPD): Limit 100000, Used 99945, Requested 2584. Please try again in 36m25.056s. Need more tokens? Upgrade to Dev Tier today at https://console.groq.com/settings/billing\",\"param\":\"\",\"type\":\"tokens\"}"
req_01kfry89y2fvvvfpye28hxvkq4,1769289820098,200,0.240947,1.6196169999999999,llama-3.3-70b-versatile,key_01keyxqjp3e1ebf0jkbprdkp0b,project_01jtka6awkeasstje8wfvynb71,1226,1226,0,0,519
req_01kfry09b2e8w97cysfqd5nwjj,1769289557346,429,0,0.001881,llama-3.3-70b-versatile,key_01keyxqjp3e1ebf0jkbprdkp0b,project_01jtka6awkeasstje8wfvynb71,0,0,0,0,0,"{\"code\":\"rate_limit_exceeded\",\"message\":\"Rate limit reached for model `llama-3.3-70b-versatile` in organization `org_01jdq75109enktb629nmv0krb3` service tier `on_demand` on tokens per day (TPD): Limit 100000, Used 99021, Requested 1383. Please try again in 5m49.056s. Need more tokens? Upgrade to Dev Tier today at https://console.groq.com/settings/billing\",\"param\":\"\",\"type\":\"tokens\"}"
req_01kfry0793encvz1e04wq84eya,1769289555235,429,0,0.001906,llama-3.3-70b-versatile,key_01keyxqjp3e1ebf0jkbprdkp0b,project_01jtka6awkeasstje8wfvynb71,0,0,0,0,0,"{\"code\":\"rate_limit_exceeded\",\"message\":\"Rate limit reached for model `llama-3.3-70b-versatile` in organization `org_01jdq75109enktb629nmv0krb3` service tier `on_demand` on tokens per day (TPD): Limit 100000, Used 99023, Requested 1383. Please try again in 5m50.784s. Need more tokens? Upgrade to Dev Tier today at https://console.groq.com/settings/billing\",\"param\":\"\",\"type\":\"tokens\"}"
req_01kfry058de8vtr213fc78ktnq,1769289553165,429,0,0.001547,llama-3.3-70b-versatile,key_01keyxqjp3e1ebf0jkbprdkp0b,project_01jtka6awkeasstje8wfvynb71,0,0,0,0,0,"{\"code\":\"rate_limit_exceeded\",\"message\":\"Rate limit reached for model `llama-3.3-70b-versatile` in organization `org_01jdq75109enktb629nmv0krb3` service tier `on_demand` on tokens per day (TPD): Limit 100000, Used 99025, Requested 1383. Please try again in 5m52.512s. Need more tokens? Upgrade to Dev Tier today at https://console.groq.com/settings/billing\",\"param\":\"\",\"type\":\"tokens\"}"
req_01kfrxy5g6en6a54eagacfre88,1769289487878,429,0,0.001559,llama-3.3-70b-versatile,key_01keyxqjp3e1ebf0jkbprdkp0b,project_01jtka6awkeasstje8wfvynb71,0,0,0,0,0,"{\"code\":\"rate_limit_exceeded\",\"message\":\"Rate limit reached for model `llama-3.3-70b-versatile` in organization `org_01jdq75109enktb629nmv0krb3` service tier `on_demand` on tokens per day (TPD): Limit 100000, Used 99101, Requested 1544. Please try again in 9m17.28s. Need more tokens? Upgrade to Dev Tier today at https://console.groq.com/settings/billing\",\"param\":\"\",\"type\":\"tokens\"}"
req_01kfrxy3bze8pts95zkatwdd45,1769289485695,429,0,0.001572,llama-3.3-70b-versatile,key_01keyxqjp3e1ebf0jkbprdkp0b,project_01jtka6awkeasstje8wfvynb71,0,0,0,0,0,"{\"code\":\"rate_limit_exceeded\",\"message\":\"Rate limit reached for model `llama-3.3-70b-versatile` in organization `org_01jdq75109enktb629nmv0krb3` service tier `on_demand` on tokens per day (TPD): Limit 100000, Used 99103, Requested 1544. Please try again in 9m19.008s. Need more tokens? Upgrade to Dev Tier today at https://console.groq.com/settings/billing\",\"param\":\"\",\"type\":\"tokens\"}"
req_01kfrxy175en6bdxm2r9kbajdd,1769289483493,429,0,0.001917,llama-3.3-70b-versatile,key_01keyxqjp3e1ebf0jkbprdkp0b,project_01jtka6awkeasstje8wfvynb71,0,0,0,0,0,"{\"code\":\"rate_limit_exceeded\",\"message\":\"Rate limit reached for model `llama-3.3-70b-versatile` in organization `org_01jdq75109enktb629nmv0krb3` service tier `on_demand` on tokens per day (TPD): Limit 100000, Used 99106, Requested 1544. Please try again in 9m21.6s. Need more tokens? Upgrade to Dev Tier today at https://console.groq.com/settings/billing\",\"param\":\"\",\"type\":\"tokens\"}"
req_01kfrxwbb5en28ea1dkeqx0n84,1769289428325,429,0,0.001437,llama-3.3-70b-versatile,key_01keyxqjp3e1ebf0jkbprdkp0b,project_01jtka6awkeasstje8wfvynb71,0,0,0,0,0,"{\"code\":\"rate_limit_exceeded\",\"message\":\"Rate limit reached for model `llama-3.3-70b-versatile` in organization `org_01jdq75109enktb629nmv0krb3` service tier `on_demand` on tokens per day (TPD): Limit 100000, Used 99170, Requested 1227. Please try again in 5m43.008s. Need more tokens? Upgrade to Dev Tier today at https://console.groq.com/settings/billing\",\"param\":\"\",\"type\":\"tokens\"}"
req_01kfrxw9acfsm88y9jyk32g23x,1769289426252,429,0,0.001428,llama-3.3-70b-versatile,key_01keyxqjp3e1ebf0jkbprdkp0b,project_01jtka6awkeasstje8wfvynb71,0,0,0,0,0,"{\"code\":\"rate_limit_exceeded\",\"message\":\"Rate limit reached for model `llama-3.3-70b-versatile` in organization `org_01jdq75109enktb629nmv0krb3` service tier `on_demand` on tokens per day (TPD): Limit 100000, Used 99172, Requested 1227. Please try again in 5m44.736s. Need more tokens? Upgrade to Dev Tier today at https://console.groq.com/settings/billing\",\"param\":\"\",\"type\":\"tokens\"}"
req_01kfrxw79cen1bge56xvb54ecg,1769289424172,429,0,0.001451,llama-3.3-70b-versatile,key_01keyxqjp3e1ebf0jkbprdkp0b,project_01jtka6awkeasstje8wfvynb71,0,0,0,0,0,"{\"code\":\"rate_limit_exceeded\",\"message\":\"Rate limit reached for model `llama-3.3-70b-versatile` in organization `org_01jdq75109enktb629nmv0krb3` service tier `on_demand` on tokens per day (TPD): Limit 100000, Used 99175, Requested 1227. Please try again in 5m47.328s. Need more tokens? Upgrade to Dev Tier today at https://console.groq.com/settings/billing\",\"param\":\"\",\"type\":\"tokens\"}"
req_01kfrxvn9cen0tqvn7gr09dctj,1769289405740,429,0,0.001939,llama-3.3-70b-versatile,key_01keyxqjp3e1ebf0jkbprdkp0b,project_01jtka6awkeasstje8wfvynb71,0,0,0,0,0,"{\"code\":\"rate_limit_exceeded\",\"message\":\"Rate limit reached for model `llama-3.3-70b-versatile` in organization `org_01jdq75109enktb629nmv0krb3` service tier `on_demand` on tokens per day (TPD): Limit 100000, Used 99196, Requested 1580. Please try again in 11m10.464s. Need more tokens? Upgrade to Dev Tier today at https://console.groq.com/settings/billing\",\"param\":\"\",\"type\":\"tokens\"}"
req_01kfrxvk5kfsktfydxd6cjpy7t,1769289403571,429,0,0.001951,llama-3.3-70b-versatile,key_01keyxqjp3e1ebf0jkbprdkp0b,project_01jtka6awkeasstje8wfvynb71,0,0,0,0,0,"{\"code\":\"rate_limit_exceeded\",\"message\":\"Rate limit reached for model `llama-3.3-70b-versatile` in organization `org_01jdq75109enktb629nmv0krb3` service tier `on_demand` on tokens per day (TPD): Limit 100000, Used 99199, Requested 1580. Please try again in 11m13.056s. Need more tokens? Upgrade to Dev Tier today at https://console.groq.com/settings/billing\",\"param\":\"\",\"type\":\"tokens\"}"
req_01kfrxvh0rfskr8a8qrwhmqmgn,1769289401368,429,0,0.001608,llama-3.3-70b-versatile,key_01keyxqjp3e1ebf0jkbprdkp0b,project_01jtka6awkeasstje8wfvynb71,0,0,0,0,0,"{\"code\":\"rate_limit_exceeded\",\"message\":\"Rate limit reached for model `llama-3.3-70b-versatile` in organization `org_01jdq75109enktb629nmv0krb3` service tier `on_demand` on tokens per day (TPD): Limit 100000, Used 99201, Requested 1580. Please try again in 11m14.784s. Need more tokens? Upgrade to Dev Tier today at https://console.groq.com/settings/billing\",\"param\":\"\",\"type\":\"tokens\"}"
req_01kfrxtk4bemxb0whcbr8sd47w,1769289370763,429,0,0.001967,llama-3.3-70b-versatile,key_01keyxqjp3e1ebf0jkbprdkp0b,project_01jtka6awkeasstje8wfvynb71,0,0,0,0,0,"{\"code\":\"rate_limit_exceeded\",\"message\":\"Rate limit reached for model `llama-3.3-70b-versatile` in organization `org_01jdq75109enktb629nmv0krb3` service tier `on_demand` on tokens per day (TPD): Limit 100000, Used 99237, Requested 1580. Please try again in 11m45.888s. Need more tokens? Upgrade to Dev Tier today at https://console.groq.com/settings/billing\",\"param\":\"\",\"type\":\"tokens\"}"
req_01kfrxth0we8kbstmrc2yyhzpw,1769289368604,429,0,0.001729,llama-3.3-70b-versatile,key_01keyxqjp3e1ebf0jkbprdkp0b,project_01jtka6awkeasstje8wfvynb71,0,0,0,0,0,"{\"code\":\"rate_limit_exceeded\",\"message\":\"Rate limit reached for model `llama-3.3-70b-versatile` in organization `org_01jdq75109enktb629nmv0krb3` service tier `on_demand` on tokens per day (TPD): Limit 100000, Used 99239, Requested 1580. Please try again in 11m47.616s. Need more tokens? Upgrade to Dev Tier today at https://console.groq.com/settings/billing\",\"param\":\"\",\"type\":\"tokens\"}"
req_01kfrxteweemx9b9yjd6b6c7h3,1769289366414,429,0,0.001827,llama-3.3-70b-versatile,key_01keyxqjp3e1ebf0jkbprdkp0b,project_01jtka6awkeasstje8wfvynb71,0,0,0,0,0,"{\"code\":\"rate_limit_exceeded\",\"message\":\"Rate limit reached for model `llama-3.3-70b-versatile` in organization `org_01jdq75109enktb629nmv0krb3` service tier `on_demand` on tokens per day (TPD): Limit 100000, Used 99242, Requested 1580. Please try again in 11m50.208s. Need more tokens? Upgrade to Dev Tier today at https://console.groq.com/settings/billing\",\"param\":\"\",\"type\":\"tokens\"}"
req_01kfrxs9q5e8ja6c1p9yq4pa12,1769289328357,429,0,0.002063,llama-3.3-70b-versatile,key_01keyxqjp3e1ebf0jkbprdkp0b,project_01jtka6awkeasstje8wfvynb71,0,0,0,0,0,"{\"code\":\"rate_limit_exceeded\",\"message\":\"Rate limit reached for model `llama-3.3-70b-versatile` in organization `org_01jdq75109enktb629nmv0krb3` service tier `on_demand` on tokens per day (TPD): Limit 100000, Used 99286, Requested 1580. Please try again in 12m28.223999999s. Need more tokens? Upgrade to Dev Tier today at https://console.groq.com/settings/billing\",\"param\":\"\",\"type\":\"tokens\"}"
req_01kfrxs7kgems91j8qcfrragrb,1769289326192,429,0,0.001874,llama-3.3-70b-versatile,key_01keyxqjp3e1ebf0jkbprdkp0b,project_01jtka6awkeasstje8wfvynb71,0,0,0,0,0,"{\"code\":\"rate_limit_exceeded\",\"message\":\"Rate limit reached for model `llama-3.3-70b-versatile` in organization `org_01jdq75109enktb629nmv0krb3` service tier `on_demand` on tokens per day (TPD): Limit 100000, Used 99288, Requested 1580. Please try again in 12m29.952s. Need more tokens? Upgrade to Dev Tier today at https://console.groq.com/settings/billing\",\"param\":\"\",\"type\":\"tokens\"}"
req_01kfrxs5d6fs9stn1t59jn251g,1769289323942,429,0,0.002084,llama-3.3-70b-versatile,key_01keyxqjp3e1ebf0jkbprdkp0b,project_01jtka6awkeasstje8wfvynb71,0,0,0,0,0,"{\"code\":\"rate_limit_exceeded\",\"message\":\"Rate limit reached for model `llama-3.3-70b-versatile` in organization `org_01jdq75109enktb629nmv0krb3` service tier `on_demand` on tokens per day (TPD): Limit 100000, Used 99291, Requested 1580. Please try again in 12m32.544s. Need more tokens? Upgrade to Dev Tier today at https://console.groq.com/settings/billing\",\"param\":\"\",\"type\":\"tokens\"}"
req_01kfrxn2dwe84s2t4eab7zxwvq,1769289189820,429,0,0.001479,llama-3.3-70b-versatile,key_01keyxqjp3e1ebf0jkbprdkp0b,project_01jtka6awkeasstje8wfvynb71,0,0,0,0,0,"{\"code\":\"rate_limit_exceeded\",\"message\":\"Rate limit reached for model `llama-3.3-70b-versatile` in organization `org_01jdq75109enktb629nmv0krb3` service tier `on_demand` on tokens per day (TPD): Limit 100000, Used 99446, Requested 1580. Please try again in 14m46.464s. Need more tokens? Upgrade to Dev Tier today at https://console.groq.com/settings/billing\",\"param\":\"\",\"type\":\"tokens\"}"
req_01kfrxkycme82brfepyf7czxaa,1769289152916,429,0,0.001474,llama-3.3-70b-versatile,key_01keyxqjp3e1ebf0jkbprdkp0b,project_01jtka6awkeasstje8wfvynb71,0,0,0,0,0,"{\"code\":\"rate_limit_exceeded\",\"message\":\"Rate limit reached for model `llama-3.3-70b-versatile` in organization `org_01jdq75109enktb629nmv0krb3` service tier `on_demand` on tokens per day (TPD): Limit 100000, Used 99489, Requested 1580. Please try again in 15m23.616s. Need more tokens? Upgrade to Dev Tier today at https://console.groq.com/settings/billing\",\"param\":\"\",\"type\":\"tokens\"}"
req_01kfrxe6ysfr48260jtpxfx5y3,1769288965081,429,0,0.001453,llama-3.3-70b-versatile,key_01keyxqjp3e1ebf0jkbprdkp0b,project_01jtka6awkeasstje8wfvynb71,0,0,0,0,0,"{\"code\":\"rate_limit_exceeded\",\"message\":\"Rate limit reached for model `llama-3.3-70b-versatile` in organization `org_01jdq75109enktb629nmv0krb3` service tier `on_demand` on tokens per day (TPD): Limit 100000, Used 99706, Requested 1580. Please try again in 18m31.104s. Need more tokens? Upgrade to Dev Tier today at https://console.groq.com/settings/billing\",\"param\":\"\",\"type\":\"tokens\"}"
req_01kfrxcmppekytppjmzmgbrhp6,1769288913622,429,0,0.002542,llama-3.3-70b-versatile,key_01keyxqjp3e1ebf0jkbprdkp0b,project_01jtka6awkeasstje8wfvynb71,0,0,0,0,0,"{\"code\":\"rate_limit_exceeded\",\"message\":\"Rate limit reached for model `llama-3.3-70b-versatile` in organization `org_01jdq75109enktb629nmv0krb3` service tier `on_demand` on tokens per day (TPD): Limit 100000, Used 99766, Requested 2579. Please try again in 33m46.08s. Need more tokens? Upgrade to Dev Tier today at https://console.groq.com/settings/billing\",\"param\":\"\",\"type\":\"tokens\"}"
req_01kfrxcjnreky95tdjnbmqxnv7,1769288911544,429,0,0.002447,llama-3.3-70b-versatile,key_01keyxqjp3e1ebf0jkbprdkp0b,project_01jtka6awkeasstje8wfvynb71,0,0,0,0,0,"{\"code\":\"rate_limit_exceeded\",\"message\":\"Rate limit reached for model `llama-3.3-70b-versatile` in organization `org_01jdq75109enktb629nmv0krb3` service tier `on_demand` on tokens per day (TPD): Limit 100000, Used 99768, Requested 2579. Please try again in 33m47.808s. Need more tokens? Upgrade to Dev Tier today at https://console.groq.com/settings/billing\",\"param\":\"\",\"type\":\"tokens\"}"
req_01kfrxcgm9fqxb38anxkqsk4jg,1769288909449,429,0,0.00243,llama-3.3-70b-versatile,key_01keyxqjp3e1ebf0jkbprdkp0b,project_01jtka6awkeasstje8wfvynb71,0,0,0,0,0,"{\"code\":\"rate_limit_exceeded\",\"message\":\"Rate limit reached for model `llama-3.3-70b-versatile` in organization `org_01jdq75109enktb629nmv0krb3` service tier `on_demand` on tokens per day (TPD): Limit 100000, Used 99770, Requested 2579. Please try again in 33m49.536s. Need more tokens? Upgrade to Dev Tier today at https://console.groq.com/settings/billing\",\"param\":\"\",\"type\":\"tokens\"}"
req_01kfrxavrsekjs9v7da9d7hdcy,1769288855321,429,0,0.001643,llama-3.3-70b-versatile,key_01keyxqjp3e1ebf0jkbprdkp0b,project_01jtka6awkeasstje8wfvynb71,0,0,0,0,0,"{\"code\":\"rate_limit_exceeded\",\"message\":\"Rate limit reached for model `llama-3.3-70b-versatile` in organization `org_01jdq75109enktb629nmv0krb3` service tier `on_demand` on tokens per day (TPD): Limit 100000, Used 99833, Requested 1581. Please try again in 20m21.696s. Need more tokens? Upgrade to Dev Tier today at https://console.groq.com/settings/billing\",\"param\":\"\",\"type\":\"tokens\"}"
req_01kfrx6q5qe658yqp9whppdjkg,1769288719543,429,0,0.00132,llama-3.3-70b-versatile,key_01keyxqjp3e1ebf0jkbprdkp0b,project_01jtka6awkeasstje8wfvynb71,0,0,0,0,0,"{\"code\":\"rate_limit_exceeded\",\"message\":\"Rate limit reached for model `llama-3.3-70b-versatile` in organization `org_01jdq75109enktb629nmv0krb3` service tier `on_demand` on tokens per day (TPD): Limit 100000, Used 99990, Requested 1383. Please try again in 19m46.272s. Need more tokens? Upgrade to Dev Tier today at https://console.groq.com/settings/billing\",\"param\":\"\",\"type\":\"tokens\"}"
req_01kfrx6n59ejyvvz2zag7vn2c8,1769288717481,429,0,0.001481,llama-3.3-70b-versatile,key_01keyxqjp3e1ebf0jkbprdkp0b,project_01jtka6awkeasstje8wfvynb71,0,0,0,0,0,"{\"code\":\"rate_limit_exceeded\",\"message\":\"Rate limit reached for model `llama-3.3-70b-versatile` in organization `org_01jdq75109enktb629nmv0krb3` service tier `on_demand` on tokens per day (TPD): Limit 100000, Used 99993, Requested 1383. Please try again in 19m48.864s. Need more tokens? Upgrade to Dev Tier today at https://console.groq.com/settings/billing\",\"param\":\"\",\"type\":\"tokens\"}"
req_01kfrx6k4we65ah59366616e66,1769288715420,429,0,0.001407,llama-3.3-70b-versatile,key_01keyxqjp3e1ebf0jkbprdkp0b,project_01jtka6awkeasstje8wfvynb71,0,0,0,0,0,"{\"code\":\"rate_limit_exceeded\",\"message\":\"Rate limit reached for model `llama-3.3-70b-versatile` in organization `org_01jdq75109enktb629nmv0krb3` service tier `on_demand` on tokens per day (TPD): Limit 100000, Used 99995, Requested 1383. Please try again in 19m50.592s. Need more tokens? Upgrade to Dev Tier today at https://console.groq.com/settings/billing\",\"param\":\"\",\"type\":\"tokens\"}"
req_01kfrx6dwyejya2ak25qkbcrvn,1769288710046,200,0.141827,0.639329,llama-3.3-70b-versatile,key_01keyxqjp3e1ebf0jkbprdkp0b,project_01jtka6awkeasstje8wfvynb71,1382,1382,0,0,142
req_01kfrx4t19ejtrsxg7x6tgd077,1769288656937,429,0,0.001492,llama-3.3-70b-versatile,key_01keyxqjp3e1ebf0jkbprdkp0b,project_01jtka6awkeasstje8wfvynb71,0,0,0,0,0,"{\"code\":\"rate_limit_exceeded\",\"message\":\"Rate limit reached for model `llama-3.3-70b-versatile` in organization `org_01jdq75109enktb629nmv0krb3` service tier `on_demand` on tokens per day (TPD): Limit 100000, Used 98678, Requested 1383. Please try again in 52.704s. Need more tokens? Upgrade to Dev Tier today at https://console.groq.com/settings/billing\",\"param\":\"\",\"type\":\"tokens\"}"
req_01kfrx24fefnj9mjpne6mw1gze,1769288569326,429,0,0.001812,llama-3.3-70b-versatile,key_01keyxqjp3e1ebf0jkbprdkp0b,project_01jtka6awkeasstje8wfvynb71,0,0,0,0,0,"{\"code\":\"rate_limit_exceeded\",\"message\":\"Rate limit reached for model `llama-3.3-70b-versatile` in organization `org_01jdq75109enktb629nmv0krb3` service tier `on_demand` on tokens per day (TPD): Limit 100000, Used 98780, Requested 1549. Please try again in 4m44.256s. Need more tokens? Upgrade to Dev Tier today at https://console.groq.com/settings/billing\",\"param\":\"\",\"type\":\"tokens\"}"
req_01kfrx241vejgrdeframnq3n07,1769288568891,429,0,0.002984,llama-3.3-70b-versatile,key_01keyxqjp3e1ebf0jkbprdkp0b,project_01jtka6awkeasstje8wfvynb71,0,0,0,0,0,"{\"code\":\"rate_limit_exceeded\",\"message\":\"Rate limit reached for model `llama-3.3-70b-versatile` in organization `org_01jdq75109enktb629nmv0krb3` service tier `on_demand` on tokens per day (TPD): Limit 100000, Used 98780, Requested 2702. Please try again in 21m20.448s. Need more tokens? Upgrade to Dev Tier today at https://console.groq.com/settings/billing\",\"param\":\"\",\"type\":\"tokens\"}"
req_01kfrx23jnfnj8ee2cxj04tbak,1769288568405,429,0,0.001623,llama-3.3-70b-versatile,key_01keyxqjp3e1ebf0jkbprdkp0b,project_01jtka6awkeasstje8wfvynb71,0,0,0,0,0,"{\"code\":\"rate_limit_exceeded\",\"message\":\"Rate limit reached for model `llama-3.3-70b-versatile` in organization `org_01jdq75109enktb629nmv0krb3` service tier `on_demand` on tokens per day (TPD): Limit 100000, Used 98781, Requested 1549. Please try again in 4m45.12s. Need more tokens? Upgrade to Dev Tier today at https://console.groq.com/settings/billing\",\"param\":\"\",\"type\":\"tokens\"}"
req_01kfrx22qqejgrw9cg0mvbq117,1769288567543,429,0,0.002094,llama-3.3-70b-versatile,key_01keyxqjp3e1ebf0jkbprdkp0b,project_01jtka6awkeasstje8wfvynb71,0,0,0,0,0,"{\"code\":\"rate_limit_exceeded\",\"message\":\"Rate limit reached for model `llama-3.3-70b-versatile` in organization `org_01jdq75109enktb629nmv0krb3` service tier `on_demand` on tokens per day (TPD): Limit 100000, Used 98782, Requested 1549. Please try again in 4m45.984s. Need more tokens? Upgrade to Dev Tier today at https://console.groq.com/settings/billing\",\"param\":\"\",\"type\":\"tokens\"}"
req_01kfrx220mejgtcjsv5j43ncwx,1769288566804,429,0,0.002503,llama-3.3-70b-versatile,key_01keyxqjp3e1ebf0jkbprdkp0b,project_01jtka6awkeasstje8wfvynb71,0,0,0,0,0,"{\"code\":\"rate_limit_exceeded\",\"message\":\"Rate limit reached for model `llama-3.3-70b-versatile` in organization `org_01jdq75109enktb629nmv0krb3` service tier `on_demand` on tokens per day (TPD): Limit 100000, Used 98783, Requested 2702. Please try again in 21m23.04s. Need more tokens? Upgrade to Dev Tier today at https://console.groq.com/settings/billing\",\"param\":\"\",\"type\":\"tokens\"}"
req_01kfrx20svfnj8a8fs0mwhnxb6,1769288565563,429,0,0.001881,llama-3.3-70b-versatile,key_01keyxqjp3e1ebf0jkbprdkp0b,project_01jtka6awkeasstje8wfvynb71,0,0,0,0,0,"{\"code\":\"rate_limit_exceeded\",\"message\":\"Rate limit reached for model `llama-3.3-70b-versatile` in organization `org_01jdq75109enktb629nmv0krb3` service tier `on_demand` on tokens per day (TPD): Limit 100000, Used 98784, Requested 1549. Please try again in 4m47.712s. Need more tokens? Upgrade to Dev Tier today at https://console.groq.com/settings/billing\",\"param\":\"\",\"type\":\"tokens\"}"
req_01kfrx1zzdfnja7gstzyj42bkz,1769288564717,429,0,0.002313,llama-3.3-70b-versatile,key_01keyxqjp3e1ebf0jkbprdkp0b,project_01jtka6awkeasstje8wfvynb71,0,0,0,0,0,"{\"code\":\"rate_limit_exceeded\",\"message\":\"Rate limit reached for model `llama-3.3-70b-versatile` in organization `org_01jdq75109enktb629nmv0krb3` service tier `on_demand` on tokens per day (TPD): Limit 100000, Used 98785, Requested 2702. Please try again in 21m24.768s. Need more tokens? Upgrade to Dev Tier today at https://console.groq.com/settings/billing\",\"param\":\"\",\"type\":\"tokens\"}"
req_01kfrx1s8vfnhs5qt20ezd2nav,1769288557851,429,0,0.001413,llama-3.3-70b-versatile,key_01keyxqjp3e1ebf0jkbprdkp0b,project_01jtka6awkeasstje8wfvynb71,0,0,0,0,0,"{\"code\":\"rate_limit_exceeded\",\"message\":\"Rate limit reached for model `llama-3.3-70b-versatile` in organization `org_01jdq75109enktb629nmv0krb3` service tier `on_demand` on tokens per day (TPD): Limit 100000, Used 98793, Requested 1383. Please try again in 2m32.064s. Need more tokens? Upgrade to Dev Tier today at https://console.groq.com/settings/billing\",\"param\":\"\",\"type\":\"tokens\"}"
req_01kfrx1s8vejfrz4xa0w5x34ce,1769288557851,429,0,0.002045,llama-3.3-70b-versatile,key_01keyxqjp3e1ebf0jkbprdkp0b,project_01jtka6awkeasstje8wfvynb71,0,0,0,0,0,"{\"code\":\"rate_limit_exceeded\",\"message\":\"Rate limit reached for model `llama-3.3-70b-versatile` in organization `org_01jdq75109enktb629nmv0krb3` service tier `on_demand` on tokens per day (TPD): Limit 100000, Used 98793, Requested 1383. Please try again in 2m32.064s. Need more tokens? Upgrade to Dev Tier today at https://console.groq.com/settings/billing\",\"param\":\"\",\"type\":\"tokens\"}"
req_01kfrx1s8tejfs9wtrebtd0h0k,1769288557850,429,0,0.001618,llama-3.3-70b-versatile,key_01keyxqjp3e1ebf0jkbprdkp0b,project_01jtka6awkeasstje8wfvynb71,0,0,0,0,0,"{\"code\":\"rate_limit_exceeded\",\"message\":\"Rate limit reached for model `llama-3.3-70b-versatile` in organization `org_01jdq75109enktb629nmv0krb3` service tier `on_demand` on tokens per day (TPD): Limit 100000, Used 98793, Requested 1383. Please try again in 2m32.064s. Need more tokens? Upgrade to Dev Tier today at https://console.groq.com/settings/billing\",\"param\":\"\",\"type\":\"tokens\"}"
req_01kfrx1s68e5sb6hszrn9cdzw4,1769288557768,429,0,0.001555,llama-3.3-70b-versatile,key_01keyxqjp3e1ebf0jkbprdkp0b,project_01jtka6awkeasstje8wfvynb71,0,0,0,0,0,"{\"code\":\"rate_limit_exceeded\",\"message\":\"Rate limit reached for model `llama-3.3-70b-versatile` in organization `org_01jdq75109enktb629nmv0krb3` service tier `on_demand` on tokens per day (TPD): Limit 100000, Used 98793, Requested 1383. Please try again in 2m32.064s. Need more tokens? Upgrade to Dev Tier today at https://console.groq.com/settings/billing\",\"param\":\"\",\"type\":\"tokens\"}"
req_01kfrx1s4kejftqedq31ckdhss,1769288557715,429,0,0.001788,llama-3.3-70b-versatile,key_01keyxqjp3e1ebf0jkbprdkp0b,project_01jtka6awkeasstje8wfvynb71,0,0,0,0,0,"{\"code\":\"rate_limit_exceeded\",\"message\":\"Rate limit reached for model `llama-3.3-70b-versatile` in organization `org_01jdq75109enktb629nmv0krb3` service tier `on_demand` on tokens per day (TPD): Limit 100000, Used 98793, Requested 1383. Please try again in 2m32.064s. Need more tokens? Upgrade to Dev Tier today at https://console.groq.com/settings/billing\",\"param\":\"\",\"type\":\"tokens\"}"
req_01kfrx1q8ffnhbvzbn6m0ek4xc,1769288555791,429,0,0.001829,llama-3.3-70b-versatile,key_01keyxqjp3e1ebf0jkbprdkp0b,project_01jtka6awkeasstje8wfvynb71,0,0,0,0,0,"{\"code\":\"rate_limit_exceeded\",\"message\":\"Rate limit reached for model `llama-3.3-70b-versatile` in organization `org_01jdq75109enktb629nmv0krb3` service tier `on_demand` on tokens per day (TPD): Limit 100000, Used 98795, Requested 1383. Please try again in 2m33.792s. Need more tokens? Upgrade to Dev Tier today at https://console.groq.com/settings/billing\",\"param\":\"\",\"type\":\"tokens\"}"
req_01kfrx1q8beje8v88sr7vkk4zg,1769288555787,429,0,0.001563,llama-3.3-70b-versatile,key_01keyxqjp3e1ebf0jkbprdkp0b,project_01jtka6awkeasstje8wfvynb71,0,0,0,0,0,"{\"code\":\"rate_limit_exceeded\",\"message\":\"Rate limit reached for model `llama-3.3-70b-versatile` in organization `org_01jdq75109enktb629nmv0krb3` service tier `on_demand` on tokens per day (TPD): Limit 100000, Used 98795, Requested 1383. Please try again in 2m33.792s. Need more tokens? Upgrade to Dev Tier today at https://console.groq.com/settings/billing\",\"param\":\"\",\"type\":\"tokens\"}"
req_01kfrx1q8ae5s808919t8yx8g9,1769288555786,429,0,0.001376,llama-3.3-70b-versatile,key_01keyxqjp3e1ebf0jkbprdkp0b,project_01jtka6awkeasstje8wfvynb71,0,0,0,0,0,"{\"code\":\"rate_limit_exceeded\",\"message\":\"Rate limit reached for model `llama-3.3-70b-versatile` in organization `org_01jdq75109enktb629nmv0krb3` service tier `on_demand` on tokens per day (TPD): Limit 100000, Used 98795, Requested 1383. Please try again in 2m33.792s. Need more tokens? Upgrade to Dev Tier today at https://console.groq.com/settings/billing\",\"param\":\"\",\"type\":\"tokens\"}"
req_01kfrx1q5te5sacaasyrh2ydgv,1769288555706,429,0,0.001867,llama-3.3-70b-versatile,key_01keyxqjp3e1ebf0jkbprdkp0b,project_01jtka6awkeasstje8wfvynb71,0,0,0,0,0,"{\"code\":\"rate_limit_exceeded\",\"message\":\"Rate limit reached for model `llama-3.3-70b-versatile` in organization `org_01jdq75109enktb629nmv0krb3` service tier `on_demand` on tokens per day (TPD): Limit 100000, Used 98795, Requested 1383. Please try again in 2m33.792s. Need more tokens? Upgrade to Dev Tier today at https://console.groq.com/settings/billing\",\"param\":\"\",\"type\":\"tokens\"}"
req_01kfrx1q3vfnhacfazvkvf3bjc,1769288555643,429,0,0.001961,llama-3.3-70b-versatile,key_01keyxqjp3e1ebf0jkbprdkp0b,project_01jtka6awkeasstje8wfvynb71,0,0,0,0,0,"{\"code\":\"rate_limit_exceeded\",\"message\":\"Rate limit reached for model `llama-3.3-70b-versatile` in organization `org_01jdq75109enktb629nmv0krb3` service tier `on_demand` on tokens per day (TPD): Limit 100000, Used 98795, Requested 1383. Please try again in 2m33.792s. Need more tokens? Upgrade to Dev Tier today at https://console.groq.com/settings/billing\",\"param\":\"\",\"type\":\"tokens\"}"
req_01kfrx1n7de5s9qqb27g1v18bg,1769288553709,429,0,0.001442,llama-3.3-70b-versatile,key_01keyxqjp3e1ebf0jkbprdkp0b,project_01jtka6awkeasstje8wfvynb71,0,0,0,0,0,"{\"code\":\"rate_limit_exceeded\",\"message\":\"Rate limit reached for model `llama-3.3-70b-versatile` in organization `org_01jdq75109enktb629nmv0krb3` service tier `on_demand` on tokens per day (TPD): Limit 100000, Used 98798, Requested 1383. Please try again in 2m36.384s. Need more tokens? Upgrade to Dev Tier today at https://console.groq.com/settings/billing\",\"param\":\"\",\"type\":\"tokens\"}"
req_01kfrx1n76e5s8ppz5db9ys6n0,1769288553702,429,0,0.001953,llama-3.3-70b-versatile,key_01keyxqjp3e1ebf0jkbprdkp0b,project_01jtka6awkeasstje8wfvynb71,0,0,0,0,0,"{\"code\":\"rate_limit_exceeded\",\"message\":\"Rate limit reached for model `llama-3.3-70b-versatile` in organization `org_01jdq75109enktb629nmv0krb3` service tier `on_demand` on tokens per day (TPD): Limit 100000, Used 98798, Requested 1383. Please try again in 2m36.384s. Need more tokens? Upgrade to Dev Tier today at https://console.groq.com/settings/billing\",\"param\":\"\",\"type\":\"tokens\"}"
req_01kfrx1n6wfnhbhcevhjphw5sj,1769288553692,429,0,0.001796,llama-3.3-70b-versatile,key_01keyxqjp3e1ebf0jkbprdkp0b,project_01jtka6awkeasstje8wfvynb71,0,0,0,0,0,"{\"code\":\"rate_limit_exceeded\",\"message\":\"Rate limit reached for model `llama-3.3-70b-versatile` in organization `org_01jdq75109enktb629nmv0krb3` service tier `on_demand` on tokens per day (TPD): Limit 100000, Used 98798, Requested 1383. Please try again in 2m36.384s. Need more tokens? Upgrade to Dev Tier today at https://console.groq.com/settings/billing\",\"param\":\"\",\"type\":\"tokens\"}"
req_01kfrx1n56e5s8kkeh07tf6mrd,1769288553638,429,0,0.001995,llama-3.3-70b-versatile,key_01keyxqjp3e1ebf0jkbprdkp0b,project_01jtka6awkeasstje8wfvynb71,0,0,0,0,0,"{\"code\":\"rate_limit_exceeded\",\"message\":\"Rate limit reached for model `llama-3.3-70b-versatile` in organization `org_01jdq75109enktb629nmv0krb3` service tier `on_demand` on tokens per day (TPD): Limit 100000, Used 98798, Requested 1383. Please try again in 2m36.384s. Need more tokens? Upgrade to Dev Tier today at https://console.groq.com/settings/billing\",\"param\":\"\",\"type\":\"tokens\"}"
req_01kfrx1n31e5s9ydq9ktgc1gfk,1769288553569,429,0,0.001583,llama-3.3-70b-versatile,key_01keyxqjp3e1ebf0jkbprdkp0b,project_01jtka6awkeasstje8wfvynb71,0,0,0,0,0,"{\"code\":\"rate_limit_exceeded\",\"message\":\"Rate limit reached for model `llama-3.3-70b-versatile` in organization `org_01jdq75109enktb629nmv0krb3` service tier `on_demand` on tokens per day (TPD): Limit 100000, Used 98798, Requested 1383. Please try again in 2m36.384s. Need more tokens? Upgrade to Dev Tier today at https://console.groq.com/settings/billing\",\"param\":\"\",\"type\":\"tokens\"}"
req_01kfrx17bfe5rr1p5p4mks25j6,1769288539503,429,0,0.001816,llama-3.3-70b-versatile,key_01keyxqjp3e1ebf0jkbprdkp0b,project_01jtka6awkeasstje8wfvynb71,0,0,0,0,0,"{\"code\":\"rate_limit_exceeded\",\"message\":\"Rate limit reached for model `llama-3.3-70b-versatile` in organization `org_01jdq75109enktb629nmv0krb3` service tier `on_demand` on tokens per day (TPD): Limit 100000, Used 98814, Requested 1383. Please try again in 2m50.208s. Need more tokens? Upgrade to Dev Tier today at https://console.groq.com/settings/billing\",\"param\":\"\",\"type\":\"tokens\"}"
req_01kfrx15ayejc9ycztcahwx18a,1769288537438,429,0,0.001194,llama-3.3-70b-versatile,key_01keyxqjp3e1ebf0jkbprdkp0b,project_01jtka6awkeasstje8wfvynb71,0,0,0,0,0,"{\"code\":\"rate_limit_exceeded\",\"message\":\"Rate limit reached for model `llama-3.3-70b-versatile` in organization `org_01jdq75109enktb629nmv0krb3` service tier `on_demand` on tokens per day (TPD): Limit 100000, Used 98817, Requested 1383. Please try again in 2m52.8s. Need more tokens? Upgrade to Dev Tier today at https://console.groq.com/settings/billing\",\"param\":\"\",\"type\":\"tokens\"}"
req_01kfrx139se5rrbrr683wdgq7x,1769288535353,429,0,0.001391,llama-3.3-70b-versatile,key_01keyxqjp3e1ebf0jkbprdkp0b,project_01jtka6awkeasstje8wfvynb71,0,0,0,0,0,"{\"code\":\"rate_limit_exceeded\",\"message\":\"Rate limit reached for model `llama-3.3-70b-versatile` in organization `org_01jdq75109enktb629nmv0krb3` service tier `on_demand` on tokens per day (TPD): Limit 100000, Used 98819, Requested 1383. Please try again in 2m54.528s. Need more tokens? Upgrade to Dev Tier today at https://console.groq.com/settings/billing\",\"param\":\"\",\"type\":\"tokens\"}"
req_01kfrwzvahej58x7gh21x4y775,1769288494417,429,0,0.001288,llama-3.3-70b-versatile,key_01keyxqjp3e1ebf0jkbprdkp0b,project_01jtka6awkeasstje8wfvynb71,0,0,0,0,0,"{\"code\":\"rate_limit_exceeded\",\"message\":\"Rate limit reached for model `llama-3.3-70b-versatile` in organization `org_01jdq75109enktb629nmv0krb3` service tier `on_demand` on tokens per day (TPD): Limit 100000, Used 98866, Requested 1383. Please try again in 3m35.136s. Need more tokens? Upgrade to Dev Tier today at https://console.groq.com/settings/billing\",\"param\":\"\",\"type\":\"tokens\"}"
req_01kfrwzs9kej4vztk1zn762ejp,1769288492339,429,0,0.001984,llama-3.3-70b-versatile,key_01keyxqjp3e1ebf0jkbprdkp0b,project_01jtka6awkeasstje8wfvynb71,0,0,0,0,0,"{\"code\":\"rate_limit_exceeded\",\"message\":\"Rate limit reached for model `llama-3.3-70b-versatile` in organization `org_01jdq75109enktb629nmv0krb3` service tier `on_demand` on tokens per day (TPD): Limit 100000, Used 98869, Requested 1383. Please try again in 3m37.728s. Need more tokens? Upgrade to Dev Tier today at https://console.groq.com/settings/billing\",\"param\":\"\",\"type\":\"tokens\"}"
req_01kfrwzq8bfn68b6t5tpj8c4yk,1769288490251,429,0,0.001805,llama-3.3-70b-versatile,key_01keyxqjp3e1ebf0jkbprdkp0b,project_01jtka6awkeasstje8wfvynb71,0,0,0,0,0,"{\"code\":\"rate_limit_exceeded\",\"message\":\"Rate limit reached for model `llama-3.3-70b-versatile` in organization `org_01jdq75109enktb629nmv0krb3` service tier `on_demand` on tokens per day (TPD): Limit 100000, Used 98871, Requested 1383. Please try again in 3m39.456s. Need more tokens? Upgrade to Dev Tier today at https://console.groq.com/settings/billing\",\"param\":\"\",\"type\":\"tokens\"}"
req_01kfrwtg6dfm69e0df7rfdkrqv,1769288319181,429,0,0.001996,llama-3.3-70b-versatile,key_01keyxqjp3e1ebf0jkbprdkp0b,project_01jtka6awkeasstje8wfvynb71,0,0,0,0,0,"{\"code\":\"rate_limit_exceeded\",\"message\":\"Rate limit reached for model `llama-3.3-70b-versatile` in organization `org_01jdq75109enktb629nmv0krb3` service tier `on_demand` on tokens per day (TPD): Limit 100000, Used 99069, Requested 1383. Please try again in 6m30.527999999s. Need more tokens? Upgrade to Dev Tier today at https://console.groq.com/settings/billing\",\"param\":\"\",\"type\":\"tokens\"}"
req_01kfrwte5peh6tx7vfygbn478b,1769288317110,429,0,0.001749,llama-3.3-70b-versatile,key_01keyxqjp3e1ebf0jkbprdkp0b,project_01jtka6awkeasstje8wfvynb71,0,0,0,0,0,"{\"code\":\"rate_limit_exceeded\",\"message\":\"Rate limit reached for model `llama-3.3-70b-versatile` in organization `org_01jdq75109enktb629nmv0krb3` service tier `on_demand` on tokens per day (TPD): Limit 100000, Used 99072, Requested 1383. Please try again in 6m33.12s. Need more tokens? Upgrade to Dev Tier today at https://console.groq.com/settings/billing\",\"param\":\"\",\"type\":\"tokens\"}"
req_01kfrwtc4ve4w8dr510f5gegvr,1769288315035,429,0,0.001797,llama-3.3-70b-versatile,key_01keyxqjp3e1ebf0jkbprdkp0b,project_01jtka6awkeasstje8wfvynb71,0,0,0,0,0,"{\"code\":\"rate_limit_exceeded\",\"message\":\"Rate limit reached for model `llama-3.3-70b-versatile` in organization `org_01jdq75109enktb629nmv0krb3` service tier `on_demand` on tokens per day (TPD): Limit 100000, Used 99074, Requested 1383. Please try again in 6m34.848s. Need more tokens? Upgrade to Dev Tier today at https://console.groq.com/settings/billing\",\"param\":\"\",\"type\":\"tokens\"}"
req_01kfrwpkqpe4jbrrrr6wf0fxfr,1769288191734,429,0,0.001187,llama-3.3-70b-versatile,key_01keyxqjp3e1ebf0jkbprdkp0b,project_01jtka6awkeasstje8wfvynb71,0,0,0,0,0,"{\"code\":\"rate_limit_exceeded\",\"message\":\"Rate limit reached for model `llama-3.3-70b-versatile` in organization `org_01jdq75109enktb629nmv0krb3` service tier `on_demand` on tokens per day (TPD): Limit 100000, Used 99217, Requested 1324. Please try again in 7m47.424s. Need more tokens? Upgrade to Dev Tier today at https://console.groq.com/settings/billing\",\"param\":\"\",\"type\":\"tokens\"}"
req_01kfrwphqbffbv0qah0y41jzbc,1769288189675,429,0,0.001284,llama-3.3-70b-versatile,key_01keyxqjp3e1ebf0jkbprdkp0b,project_01jtka6awkeasstje8wfvynb71,0,0,0,0,0,"{\"code\":\"rate_limit_exceeded\",\"message\":\"Rate limit reached for model `llama-3.3-70b-versatile` in organization `org_01jdq75109enktb629nmv0krb3` service tier `on_demand` on tokens per day (TPD): Limit 100000, Used 99219, Requested 1324. Please try again in 7m49.152s. Need more tokens? Upgrade to Dev Tier today at https://console.groq.com/settings/billing\",\"param\":\"\",\"type\":\"tokens\"}"
req_01kfrwpfpsff1bt75xv3tw5sxn,1769288187609,429,0,0.00152,llama-3.3-70b-versatile,key_01keyxqjp3e1ebf0jkbprdkp0b,project_01jtka6awkeasstje8wfvynb71,0,0,0,0,0,"{\"code\":\"rate_limit_exceeded\",\"message\":\"Rate limit reached for model `llama-3.3-70b-versatile` in organization `org_01jdq75109enktb629nmv0krb3` service tier `on_demand` on tokens per day (TPD): Limit 100000, Used 99221, Requested 1324. Please try again in 7m50.88s. Need more tokens? Upgrade to Dev Tier today at https://console.groq.com/settings/billing\",\"param\":\"\",\"type\":\"tokens\"}"
req_01kfrwm803e9pt8bhaejaszsqx,1769288114179,429,0,0.003394,llama-3.3-70b-versatile,key_01keyxqjp3e1ebf0jkbprdkp0b,project_01jtka6awkeasstje8wfvynb71,0,0,0,0,0,"{\"code\":\"rate_limit_exceeded\",\"message\":\"Rate limit reached for model `llama-3.3-70b-versatile` in organization `org_01jdq75109enktb629nmv0krb3` service tier `on_demand` on tokens per day (TPD): Limit 100000, Used 99306, Requested 1707. Please try again in 14m35.232s. Need more tokens? Upgrade to Dev Tier today at https://console.groq.com/settings/billing\",\"param\":\"\",\"type\":\"tokens\"}"
req_01kfrwm5zyfv2r2z49jn5s91af,1769288112126,429,0,0.005404,llama-3.3-70b-versatile,key_01keyxqjp3e1ebf0jkbprdkp0b,project_01jtka6awkeasstje8wfvynb71,0,0,0,0,0,"{\"code\":\"rate_limit_exceeded\",\"message\":\"Rate limit reached for model `llama-3.3-70b-versatile` in organization `org_01jdq75109enktb629nmv0krb3` service tier `on_demand` on tokens per day (TPD): Limit 100000, Used 99309, Requested 1707. Please try again in 14m37.824s. Need more tokens? Upgrade to Dev Tier today at https://console.groq.com/settings/billing\",\"param\":\"\",\"type\":\"tokens\"}"
req_01kfrwm3zgf48rhyq8qa40d96q,1769288110064,429,0,0.005116,llama-3.3-70b-versatile,key_01keyxqjp3e1ebf0jkbprdkp0b,project_01jtka6awkeasstje8wfvynb71,0,0,0,0,0,"{\"code\":\"rate_limit_exceeded\",\"message\":\"Rate limit reached for model `llama-3.3-70b-versatile` in organization `org_01jdq75109enktb629nmv0krb3` service tier `on_demand` on tokens per day (TPD): Limit 100000, Used 99311, Requested 1707. Please try again in 14m39.552s. Need more tokens? Upgrade to Dev Tier today at https://console.groq.com/settings/billing\",\"param\":\"\",\"type\":\"tokens\"}"
req_01kfrwcdt7ef58278r8aey5q8r,1769287857991,200,0.266467,1.243122,llama-3.3-70b-versatile,key_01keyxqjp3e1ebf0jkbprdkp0b,project_01jtka6awkeasstje8wfvynb71,1323,1323,0,0,294
req_01kfrw19n9edn9rj6d3nd1h0d1,1769287493289,429,0,0.002144,llama-3.3-70b-versatile,key_01keyxqjp3e1ebf0jkbprdkp0b,project_01jtka6awkeasstje8wfvynb71,0,0,0,0,0,"{\"code\":\"rate_limit_exceeded\",\"message\":\"Rate limit reached for model `llama-3.3-70b-versatile` in organization `org_01jdq75109enktb629nmv0krb3` service tier `on_demand` on tokens per day (TPD): Limit 100000, Used 98407, Requested 1707. Please try again in 1m38.496s. Need more tokens? Upgrade to Dev Tier today at https://console.groq.com/settings/billing\",\"param\":\"\",\"type\":\"tokens\"}"
req_01kfrw17mcffc8gjqpr6601ap5,1769287491212,429,0,0.002151,llama-3.3-70b-versatile,key_01keyxqjp3e1ebf0jkbprdkp0b,project_01jtka6awkeasstje8wfvynb71,0,0,0,0,0,"{\"code\":\"rate_limit_exceeded\",\"message\":\"Rate limit reached for model `llama-3.3-70b-versatile` in organization `org_01jdq75109enktb629nmv0krb3` service tier `on_demand` on tokens per day (TPD): Limit 100000, Used 98410, Requested 1707. Please try again in 1m41.088s. Need more tokens? Upgrade to Dev Tier today at https://console.groq.com/settings/billing\",\"param\":\"\",\"type\":\"tokens\"}"
req_01kfrw15khffbrzybct3tbken9,1769287489137,429,0,0.002109,llama-3.3-70b-versatile,key_01keyxqjp3e1ebf0jkbprdkp0b,project_01jtka6awkeasstje8wfvynb71,0,0,0,0,0,"{\"code\":\"rate_limit_exceeded\",\"message\":\"Rate limit reached for model `llama-3.3-70b-versatile` in organization `org_01jdq75109enktb629nmv0krb3` service tier `on_demand` on tokens per day (TPD): Limit 100000, Used 98412, Requested 1707. Please try again in 1m42.816s. Need more tokens? Upgrade to Dev Tier today at https://console.groq.com/settings/billing\",\"param\":\"\",\"type\":\"tokens\"}"
req_01kfrw0jbeedm878a8jvd8ej4c,1769287469422,429,0,0.001395,llama-3.3-70b-versatile,key_01keyxqjp3e1ebf0jkbprdkp0b,project_01jtka6awkeasstje8wfvynb71,0,0,0,0,0,"{\"code\":\"rate_limit_exceeded\",\"message\":\"Rate limit reached for model `llama-3.3-70b-versatile` in organization `org_01jdq75109enktb629nmv0krb3` service tier `on_demand` on tokens per day (TPD): Limit 100000, Used 98435, Requested 1707. Please try again in 2m2.688s. Need more tokens? Upgrade to Dev Tier today at https://console.groq.com/settings/billing\",\"param\":\"\",\"type\":\"tokens\"}"
req_01kfrw0gadff9bn0waqn2cm3sb,1769287467341,429,0,0.001645,llama-3.3-70b-versatile,key_01keyxqjp3e1ebf0jkbprdkp0b,project_01jtka6awkeasstje8wfvynb71,0,0,0,0,0,"{\"code\":\"rate_limit_exceeded\",\"message\":\"Rate limit reached for model `llama-3.3-70b-versatile` in organization `org_01jdq75109enktb629nmv0krb3` service tier `on_demand` on tokens per day (TPD): Limit 100000, Used 98437, Requested 1707. Please try again in 2m4.416s. Need more tokens? Upgrade to Dev Tier today at https://console.groq.com/settings/billing\",\"param\":\"\",\"type\":\"tokens\"}"
req_01kfrw0ea0edm934a8nbqrveh4,1769287465280,429,0,0.002038,llama-3.3-70b-versatile,key_01keyxqjp3e1ebf0jkbprdkp0b,project_01jtka6awkeasstje8wfvynb71,0,0,0,0,0,"{\"code\":\"rate_limit_exceeded\",\"message\":\"Rate limit reached for model `llama-3.3-70b-versatile` in organization `org_01jdq75109enktb629nmv0krb3` service tier `on_demand` on tokens per day (TPD): Limit 100000, Used 98440, Requested 1707. Please try again in 2m7.008s. Need more tokens? Upgrade to Dev Tier today at https://console.groq.com/settings/billing\",\"param\":\"\",\"type\":\"tokens\"}"
req_01kfrvnn33ecrrszbgfvky3d2f,1769287111779,429,0,0.001674,llama-3.3-70b-versatile,key_01keyxqjp3e1ebf0jkbprdkp0b,project_01jtka6awkeasstje8wfvynb71,0,0,0,0,0,"{\"code\":\"rate_limit_exceeded\",\"message\":\"Rate limit reached for model `llama-3.3-70b-versatile` in organization `org_01jdq75109enktb629nmv0krb3` service tier `on_demand` on tokens per day (TPD): Limit 100000, Used 98849, Requested 1707. Please try again in 8m0.383999999s. Need more tokens? Upgrade to Dev Tier today at https://console.groq.com/settings/billing\",\"param\":\"\",\"type\":\"tokens\"}"
req_01kfrvnk2fecr9v6kz9pjn3fbj,1769287109711,429,0,0.001943,llama-3.3-70b-versatile,key_01keyxqjp3e1ebf0jkbprdkp0b,project_01jtka6awkeasstje8wfvynb71,0,0,0,0,0,"{\"code\":\"rate_limit_exceeded\",\"message\":\"Rate limit reached for model `llama-3.3-70b-versatile` in organization `org_01jdq75109enktb629nmv0krb3` service tier `on_demand` on tokens per day (TPD): Limit 100000, Used 98851, Requested 1707. Please try again in 8m2.111999999s. Need more tokens? Upgrade to Dev Tier today at https://console.groq.com/settings/billing\",\"param\":\"\",\"type\":\"tokens\"}"
req_01kfrvnh23fdh8hn5qp0xgs5mr,1769287107651,429,0,0.004246,llama-3.3-70b-versatile,key_01keyxqjp3e1ebf0jkbprdkp0b,project_01jtka6awkeasstje8wfvynb71,0,0,0,0,0,"{\"code\":\"rate_limit_exceeded\",\"message\":\"Rate limit reached for model `llama-3.3-70b-versatile` in organization `org_01jdq75109enktb629nmv0krb3` service tier `on_demand` on tokens per day (TPD): Limit 100000, Used 98854, Requested 1707. Please try again in 8m4.704s. Need more tokens? Upgrade to Dev Tier today at https://console.groq.com/settings/billing\",\"param\":\"\",\"type\":\"tokens\"}"
req_01kfrvm9qeebpbntmkzdd4xrhf,1769287067374,429,0,0.002561,llama-3.3-70b-versatile,key_01keyxqjp3e1ebf0jkbprdkp0b,project_01jtka6awkeasstje8wfvynb71,0,0,0,0,0,"{\"code\":\"rate_limit_exceeded\",\"message\":\"Rate limit reached for model `llama-3.3-70b-versatile` in organization `org_01jdq75109enktb629nmv0krb3` service tier `on_demand` on tokens per day (TPD): Limit 100000, Used 98900, Requested 2926. Please try again in 26m17.663999999s. Need more tokens? Upgrade to Dev Tier today at https://console.groq.com/settings/billing\",\"param\":\"\",\"type\":\"tokens\"}"
req_01kfrvm7pqebp8g5psaex6fx3x,1769287065303,429,0,0.003178,llama-3.3-70b-versatile,key_01keyxqjp3e1ebf0jkbprdkp0b,project_01jtka6awkeasstje8wfvynb71,0,0,0,0,0,"{\"code\":\"rate_limit_exceeded\",\"message\":\"Rate limit reached for model `llama-3.3-70b-versatile` in organization `org_01jdq75109enktb629nmv0krb3` service tier `on_demand` on tokens per day (TPD): Limit 100000, Used 98903, Requested 2926. Please try again in 26m20.256s. Need more tokens? Upgrade to Dev Tier today at https://console.groq.com/settings/billing\",\"param\":\"\",\"type\":\"tokens\"}"
req_01kfrvm5nvfz3b2s56mjrqx33p,1769287063227,429,0,0.004086,llama-3.3-70b-versatile,key_01keyxqjp3e1ebf0jkbprdkp0b,project_01jtka6awkeasstje8wfvynb71,0,0,0,0,0,"{\"code\":\"rate_limit_exceeded\",\"message\":\"Rate limit reached for model `llama-3.3-70b-versatile` in organization `org_01jdq75109enktb629nmv0krb3` service tier `on_demand` on tokens per day (TPD): Limit 100000, Used 98905, Requested 2926. Please try again in 26m21.984s. Need more tokens? Upgrade to Dev Tier today at https://console.groq.com/settings/billing\",\"param\":\"\",\"type\":\"tokens\"}"
req_01kfrvkjqyebkvng3nc3sjn8gp,1769287043838,200,0.178244,1.853215,llama-3.3-70b-versatile,key_01keyxqjp3e1ebf0jkbprdkp0b,project_01jtka6awkeasstje8wfvynb71,1706,1706,0,0,443
req_01kfrs0gatexer3qb66efh9s67,1769284321626,429,0,0.001947,llama-3.3-70b-versatile,key_01keyxqjp3e1ebf0jkbprdkp0b,project_01jtka6awkeasstje8wfvynb71,0,0,0,0,0,"{\"code\":\"rate_limit_exceeded\",\"message\":\"Rate limit reached for model `llama-3.3-70b-versatile` in organization `org_01jdq75109enktb629nmv0krb3` service tier `on_demand` on tokens per day (TPD): Limit 100000, Used 99929, Requested 1383. Please try again in 18m53.568s. Need more tokens? Upgrade to Dev Tier today at https://console.groq.com/settings/billing\",\"param\":\"\",\"type\":\"tokens\"}"
req_01kfrs0ff4fzpv98p8d9zj6d4d,1769284320740,429,0,0.001458,llama-3.3-70b-versatile,key_01keyxqjp3e1ebf0jkbprdkp0b,project_01jtka6awkeasstje8wfvynb71,0,0,0,0,0,"{\"code\":\"rate_limit_exceeded\",\"message\":\"Rate limit reached for model `llama-3.3-70b-versatile` in organization `org_01jdq75109enktb629nmv0krb3` service tier `on_demand` on tokens per day (TPD): Limit 100000, Used 99930, Requested 1324. Please try again in 18m3.456s. Need more tokens? Upgrade to Dev Tier today at https://console.groq.com/settings/billing\",\"param\":\"\",\"type\":\"tokens\"}"
req_01kfrs0e13fzpsyp9qyq038ve8,1769284319267,429,0,0.002028,llama-3.3-70b-versatile,key_01keyxqjp3e1ebf0jkbprdkp0b,project_01jtka6awkeasstje8wfvynb71,0,0,0,0,0,"{\"code\":\"rate_limit_exceeded\",\"message\":\"Rate limit reached for model `llama-3.3-70b-versatile` in organization `org_01jdq75109enktb629nmv0krb3` service tier `on_demand` on tokens per day (TPD): Limit 100000, Used 99931, Requested 1444. Please try again in 19m48s. Need more tokens? Upgrade to Dev Tier today at https://console.groq.com/settings/billing\",\"param\":\"\",\"type\":\"tokens\"}"
req_01kfrryte3fzjvzhvg605v5q7v,1769284266435,429,0,0.001811,llama-3.3-70b-versatile,key_01keyxqjp3e1ebf0jkbprdkp0b,project_01jtka6awkeasstje8wfvynb71,0,0,0,0,0,"{\"code\":\"rate_limit_exceeded\",\"message\":\"Rate limit reached for model `llama-3.3-70b-versatile` in organization `org_01jdq75109enktb629nmv0krb3` service tier `on_demand` on tokens per day (TPD): Limit 100000, Used 99993, Requested 1444. Please try again in 20m41.568s. Need more tokens? Upgrade to Dev Tier today at https://console.groq.com/settings/billing\",\"param\":\"\",\"type\":\"tokens\"}"
req_01kfrryk8wfzft1k2enb9enwbh,1769284259100,200,0.154164,0.546685,llama-3.3-70b-versatile,key_01keyxqjp3e1ebf0jkbprdkp0b,project_01jtka6awkeasstje8wfvynb71,1382,1382,0,0,117
req_01kfrry3gsfknv09b9g52w74yj,1769284242969,429,0,0.002516,llama-3.3-70b-versatile,key_01keyxqjp3e1ebf0jkbprdkp0b,project_01jtka6awkeasstje8wfvynb71,0,0,0,0,0,"{\"code\":\"rate_limit_exceeded\",\"message\":\"Rate limit reached for model `llama-3.3-70b-versatile` in organization `org_01jdq75109enktb629nmv0krb3` service tier `on_demand` on tokens per day (TPD): Limit 100000, Used 98634, Requested 2491. Please try again in 16m12s. Need more tokens? Upgrade to Dev Tier today at https://console.groq.com/settings/billing\",\"param\":\"\",\"type\":\"tokens\"}"
req_01kfrrwybyfkhtantv1gbj8x3m,1769284204926,429,0,0.001918,llama-3.3-70b-versatile,key_01keyxqjp3e1ebf0jkbprdkp0b,project_01jtka6awkeasstje8wfvynb71,0,0,0,0,0,"{\"code\":\"rate_limit_exceeded\",\"message\":\"Rate limit reached for model `llama-3.3-70b-versatile` in organization `org_01jdq75109enktb629nmv0krb3` service tier `on_demand` on tokens per day (TPD): Limit 100000, Used 98678, Requested 1444. Please try again in 1m45.408s. Need more tokens? Upgrade to Dev Tier today at https://console.groq.com/settings/billing\",\"param\":\"\",\"type\":\"tokens\"}"
req_01kfrrthw3fz1t4ry7fbt9n8qx,1769284126595,200,0.244184,0.60122,llama-3.3-70b-versatile,key_01keyxqjp3e1ebf0jkbprdkp0b,project_01jtka6awkeasstje8wfvynb71,1382,1382,0,0,110
req_01kfrrqrfrfyvtzgej1h8km0ca,1769284035064,200,0.319545,1.483143,llama-3.3-70b-versatile,key_01keyxqjp3e1ebf0jkbprdkp0b,project_01jtka6awkeasstje8wfvynb71,2866,2866,0,0,346
req_01kfrrqb1rfk4rjrd54j3k4p08,1769284021304,200,0.159566,1.307601,llama-3.3-70b-versatile,key_01keyxqjp3e1ebf0jkbprdkp0b,project_01jtka6awkeasstje8wfvynb71,1443,1443,0,0,425
req_01kfrrjv7jfy0864fpybed5qa2,1769283874034,200,0.292108,1.294658,llama-3.3-70b-versatile,key_01keyxqjp3e1ebf0jkbprdkp0b,project_01jtka6awkeasstje8wfvynb71,1443,1443,0,0,318
req_01kfrrcdqeestswh7eg231qswb,1769283663598,200,0.192041,1.763153,llama-3.3-70b-versatile,key_01keyxqjp3e1ebf0jkbprdkp0b,project_01jtka6awkeasstje8wfvynb71,1443,1443,0,0,502
req_01kfrr95zpfhds10dmn8z79nt1,1769283557366,200,0.254193,0.741599,llama-3.3-70b-versatile,key_01keyxqjp3e1ebf0jkbprdkp0b,project_01jtka6awkeasstje8wfvynb71,1382,1382,0,0,115
req_01kfrr6wyfe8kvwpfyjshw7wgc,1769283482575,200,0.181701,1.222894,llama-3.3-70b-versatile,key_01keyxqjp3e1ebf0jkbprdkp0b,project_01jtka6awkeasstje8wfvynb71,2833,2833,0,0,399
req_01kfrr665dfvvs9yepeeckrn7m,1769283459245,200,0.17067,1.358687,llama-3.3-70b-versatile,key_01keyxqjp3e1ebf0jkbprdkp0b,project_01jtka6awkeasstje8wfvynb71,1653,1653,0,0,342
req_01kfrr4vwjfzxvw1ht7jny23rz,1769283415954,200,0.393803,1.79556,llama-3.3-70b-versatile,key_01keyxqjp3e1ebf0jkbprdkp0b,project_01jtka6awkeasstje8wfvynb71,1653,1653,0,0,406
req_01kfrr3qwcer1a6vsq6wphyc25,1769283379085,200,0.255973,1.1450879999999999,llama-3.3-70b-versatile,key_01keyxqjp3e1ebf0jkbprdkp0b,project_01jtka6awkeasstje8wfvynb71,2766,2766,0,0,370
req_01kfrr2wq6fvttwdn8camyxd3s,1769283351270,200,0.283713,1.272071,llama-3.3-70b-versatile,key_01keyxqjp3e1ebf0jkbprdkp0b,project_01jtka6awkeasstje8wfvynb71,1443,1443,0,0,328
req_01kfrqxeysfe2ttt7cvxtnynjn,1769283173337,200,0.163635,1.49271,llama-3.3-70b-versatile,key_01keyxqjp3e1ebf0jkbprdkp0b,project_01jtka6awkeasstje8wfvynb71,1463,1463,0,0,400
req_01kfrqvdfjfdwrrenzfcpmx5f5,1769283106290,200,0.161748,2.48147,llama-3.3-70b-versatile,key_01keyxqjp3e1ebf0jkbprdkp0b,project_01jtka6awkeasstje8wfvynb71,1451,1451,0,0,657
req_01kfrqj4tpfr9b8embbac5e4qm,1769282802518,200,0.269779,0.336656,llama-3.3-70b-versatile,key_01keyxqjp3e1ebf0jkbprdkp0b,project_01jtka6awkeasstje8wfvynb71,1548,1548,0,0,36
req_01kfrqg1x1fctsbat7xaawr0tf,1769282733985,200,0.218432,0.308169,llama-3.3-70b-versatile,key_01keyxqjp3e1ebf0jkbprdkp0b,project_01jtka6awkeasstje8wfvynb71,1592,1592,0,0,36
req_01kfrqerr7ekv9msdgpdb1seqk,1769282691847,200,0.157893,1.337562,llama-3.3-70b-versatile,key_01keyxqjp3e1ebf0jkbprdkp0b,project_01jtka6awkeasstje8wfvynb71,1451,1451,0,0,419
req_01kfrqdmp3ekqa3s2sbvnymr1z,1769282654915,200,0.316857,1.107663,llama-3.3-70b-versatile,key_01keyxqjp3e1ebf0jkbprdkp0b,project_01jtka6awkeasstje8wfvynb71,2771,2771,0,0,372
req_01kfrqd00rekjrv2wpwm33sya5,1769282633752,200,0.198175,1.6531,llama-3.3-70b-versatile,key_01keyxqjp3e1ebf0jkbprdkp0b,project_01jtka6awkeasstje8wfvynb71,1461,1461,0,0,474
req_01kfrqcnbxekf8v3n1c55et866,1769282622845,200,0.227474,1.2788680000000001,llama-3.3-70b-versatile,key_01keyxqjp3e1ebf0jkbprdkp0b,project_01jtka6awkeasstje8wfvynb71,2755,2755,0,0,461
req_01kfrq8grnfcfrh0s5nrx9ja79,1769282487061,200,0.263195,1.455865,llama-3.3-70b-versatile,key_01keyxqjp3e1ebf0jkbprdkp0b,project_01jtka6awkeasstje8wfvynb71,1475,1475,0,0,393
req_01kfrq2yb1fbxtvbk4c5ts11pd,1769282304353,200,0.31879,1.728824,llama-3.3-70b-versatile,key_01keyxqjp3e1ebf0jkbprdkp0b,project_01jtka6awkeasstje8wfvynb71,1461,1461,0,0,467
req_01kfrq1n1nfbrrrx7n6d5fpzye,1769282262069,200,0.529425,2.044082,llama-3.3-70b-versatile,key_01keyxqjp3e1ebf0jkbprdkp0b,project_01jtka6awkeasstje8wfvynb71,2436,2436,0,0,415
req_01kfrpzfstfpes8tt6a0d53b44,1769282191162,200,0.301021,1.8463289999999999,llama-3.3-70b-versatile,key_01keyxqjp3e1ebf0jkbprdkp0b,project_01jtka6awkeasstje8wfvynb71,2435,2435,0,0,466
req_01kfrpx6asegybp1kgdzcb8pef,1769282115929,200,0.316706,0.675515,llama-3.3-70b-versatile,key_01keyxqjp3e1ebf0jkbprdkp0b,project_01jtka6awkeasstje8wfvynb71,1400,1400,0,0,90
req_01kfrp1hegecnaxrdrtapm529p,1769281209808,200,0.16644,0.206182,llama-3.3-70b-versatile,key_01keyxqjp3e1ebf0jkbprdkp0b,project_01jtka6awkeasstje8wfvynb71,1549,1549,0,0,37
req_01kfrp0zmtfkhtgghxhc0r6kb2,1769281191578,200,0.155273,0.220411,llama-3.3-70b-versatile,key_01keyxqjp3e1ebf0jkbprdkp0b,project_01jtka6awkeasstje8wfvynb71,1549,1549,0,0,37
req_01kfrm2k3mewxtjfvkgh1dg6pr,1769279147124,200,0.1492,0.87419,llama-3.3-70b-versatile,key_01keyxqjp3e1ebf0jkbprdkp0b,project_01jtka6awkeasstje8wfvynb71,1154,1154,0,0,228
req_01kfrm2ftafy18e2f843s7vpk6,1769279143754,200,0.14312,0.549609,llama-3.3-70b-versatile,key_01keyxqjp3e1ebf0jkbprdkp0b,project_01jtka6awkeasstje8wfvynb71,1174,1174,0,0,120
req_01kfrm2c2gf7mbdhs8wmez4bff,1769279139920,200,0.236083,0.58313,llama-3.3-70b-versatile,key_01keyxqjp3e1ebf0jkbprdkp0b,project_01jtka6awkeasstje8wfvynb71,1174,1174,0,0,100
req_01kfrm0k0jewn8e97689r85q99,1769279081490,200,0.134197,0.514641,llama-3.3-70b-versatile,key_01keyxqjp3e1ebf0jkbprdkp0b,project_01jtka6awkeasstje8wfvynb71,1180,1180,0,0,110
req_01kfrm05xmfxnr5xd9y8gcfe0m,1769279068084,200,0.146727,0.196103,llama-3.3-70b-versatile,key_01keyxqjp3e1ebf0jkbprdkp0b,project_01jtka6awkeasstje8wfvynb71,1383,1383,0,0,37
req_01kfrkbg1ders9wy962ccs4356,1769278390317,200,0.147868,0.447281,llama-3.3-70b-versatile,key_01keyxqjp3e1ebf0jkbprdkp0b,project_01jtka6awkeasstje8wfvynb71,1180,1180,0,0,91
req_01kfrk9twyergv2xakc2rs4n5s,1769278335902,200,0.251638,1.147894,llama-3.3-70b-versatile,key_01keyxqjp3e1ebf0jkbprdkp0b,project_01jtka6awkeasstje8wfvynb71,3456,3456,0,0,267
req_01kfrk6y8efrcrd2vb8w75dpj3,1769278241038,200,0.354944,0.975737,llama-3.3-70b-versatile,key_01keyxqjp3e1ebf0jkbprdkp0b,project_01jtka6awkeasstje8wfvynb71,3554,3554,0,0,201
req_01kfrk5jh9f2tb2eqwwcr5gcne,1769278196265,200,0.155858,0.568381,llama-3.3-70b-versatile,key_01keyxqjp3e1ebf0jkbprdkp0b,project_01jtka6awkeasstje8wfvynb71,1180,1180,0,0,104
req_01kfrk42zweq7a5xbx138nttcy,1769278147580,200,0.144839,0.192703,llama-3.3-70b-versatile,key_01keyxqjp3e1ebf0jkbprdkp0b,project_01jtka6awkeasstje8wfvynb71,1385,1385,0,0,37
req_01kfrk2rwff26smphzfmac8x8y,1769278104463,200,0.176202,0.225168,llama-3.3-70b-versatile,key_01keyxqjp3e1ebf0jkbprdkp0b,project_01jtka6awkeasstje8wfvynb71,1379,1379,0,0,37
req_01kfrh5xd2erasq4wjcdxxdjkr,1769276110242,200,0.145668,0.200913,llama-3.3-70b-versatile,key_01keyxqjp3e1ebf0jkbprdkp0b,project_01jtka6awkeasstje8wfvynb71,1380,1380,0,0,37
req_01kfrh4rmjecpbskkz7mmvs3er,1769276072594,200,0.181849,0.238339,llama-3.3-70b-versatile,key_01keyxqjp3e1ebf0jkbprdkp0b,project_01jtka6awkeasstje8wfvynb71,1383,1383,0,0,37
req_01kfrh3wc5fbctxa6k7vnfmndr,1769276043653,200,0.243779,0.305989,llama-3.3-70b-versatile,key_01keyxqjp3e1ebf0jkbprdkp0b,project_01jtka6awkeasstje8wfvynb71,1377,1377,0,0,37
req_01kfrh34c1fb6vsrrrb8wb4mr5,1769276019073,200,0.160076,0.217446,llama-3.3-70b-versatile,key_01keyxqjp3e1ebf0jkbprdkp0b,project_01jtka6awkeasstje8wfvynb71,1382,1382,0,0,37
req_01kfrgy9yveqbrc06hhmseqph4,1769275860955,200,0.324345,0.885471,llama-3.3-70b-versatile,key_01keyxqjp3e1ebf0jkbprdkp0b,project_01jtka6awkeasstje8wfvynb71,3433,3433,0,0,191
req_01kfrgx21aebw8n20qn5djvth3,1769275820074,200,0.157193,0.615801,llama-3.3-70b-versatile,key_01keyxqjp3e1ebf0jkbprdkp0b,project_01jtka6awkeasstje8wfvynb71,1180,1180,0,0,111
req_01kfrgtagmfkhbcxzq386bt77b,1769275730452,200,0.435532,1.510783,llama-3.3-70b-versatile,key_01keyxqjp3e1ebf0jkbprdkp0b,project_01jtka6awkeasstje8wfvynb71,3622,3622,0,0,330
req_01kfrgqw0zf21r5v64vnwt09jp,1769275650079,200,0.100603,0.870735,llama-3.3-70b-versatile,key_01keyxqjp3e1ebf0jkbprdkp0b,project_01jtka6awkeasstje8wfvynb71,1154,1154,0,0,212
req_01kfrgqnyneey86pfsprxx5wq9,1769275643861,200,0.105818,0.537712,llama-3.3-70b-versatile,key_01keyxqjp3e1ebf0jkbprdkp0b,project_01jtka6awkeasstje8wfvynb71,1176,1176,0,0,101
req_01kfrg3nv6e8frge1asfjewb9s,1769274988390,200,0.109175,0.94274,llama-3.3-70b-versatile,key_01keyxqjp3e1ebf0jkbprdkp0b,project_01jtka6awkeasstje8wfvynb71,1154,1154,0,0,235
req_01kfrg3hwpfawagczcbvkbavkh,1769274984342,200,0.108924,0.444549,llama-3.3-70b-versatile,key_01keyxqjp3e1ebf0jkbprdkp0b,project_01jtka6awkeasstje8wfvynb71,1178,1178,0,0,102
req_01kfrg1qeaefjbqe9xjpp9n66q,1769274924490,200,0.19319,1.277409,llama-3.3-70b-versatile,key_01keyxqjp3e1ebf0jkbprdkp0b,project_01jtka6awkeasstje8wfvynb71,3252,3252,0,0,300
req_01kfrfx69yf0996843rhyndxnw,1769274775870,200,0.133531,0.201744,llama-3.3-70b-versatile,key_01keyxqjp3e1ebf0jkbprdkp0b,project_01jtka6awkeasstje8wfvynb71,1310,1310,0,0,37
req_01kfrfwm4rfpgsf7d1mtp1cy6v,1769274757272,200,0.088302,0.138252,llama-3.3-70b-versatile,key_01keyxqjp3e1ebf0jkbprdkp0b,project_01jtka6awkeasstje8wfvynb71,1306,1306,0,0,37
req_01kfrfp1rkegv8nwt02tvb5yh0,1769274541843,200,0.433745,1.215996,llama-3.3-70b-versatile,key_01keyxqjp3e1ebf0jkbprdkp0b,project_01jtka6awkeasstje8wfvynb71,3534,3534,0,0,270
req_01kfrfmwzde5xvthmav8gp1ga2,1769274504173,200,0.420926,1.205376,llama-3.3-70b-versatile,key_01keyxqjp3e1ebf0jkbprdkp0b,project_01jtka6awkeasstje8wfvynb71,3271,3271,0,0,245